id,name,contact_info
1,Carolyn Peterson,beasleyjennifer@gmail.com
2,Cathy Flores,andrea23@reeves.org
3,Ryan Rhodes,marksullivan@yahoo.com
4,Mr. John Ortega,normankim@huynh.info
5,Phillip Hanson,robert96@dunn-pineda.com
6,Erin Murray,websterrobert@reyes.com
7,Terri Miller,cody97@jones-fields.com
8,Kevin Murillo,toddbowman@yahoo.com
9,Teresa Leblanc,mortonrobin@hart-barber.com
10,Jose Meza,frank08@yahoo.com
11,Maria Miller,millermichelle@martin-mcdonald.info
12,Kenneth Sanchez,umoore@yahoo.com
13,Jessica Matthews,traci02@yahoo.com
14,Lisa Evans,ricardoroth@walters.com
15,Samantha Reynolds,vincent16@cruz.com
16,Stephen Rodriguez,jrodriguez@taylor-rogers.net
17,Kristin Schaefer,gdiaz@hotmail.com
18,Ashley Mcdowell,elizabeth13@yahoo.com
19,Angela Jackson,janice18@yahoo.com
20,Veronica Brown,peggy25@yahoo.com
